source,destination,status_code,kind
/students-0,/students,301,alias changed
/students/grad-2026,/students/grad,301,alias changed
/students/career-education-volunteer-hours,/students/career-education,301,alias changed
/students/career-education-volunteer-hours/career-education-8-9,/students/career-education/career-education-8-9,301,alias changed
/students/career-education-volunteer-hours/capstonecareer-life-connections-clc,/students/career-education/capstone-career-life-connections-clc,301,alias changed
/students/career-education-volunteer-hours/career-education-volunteer-hour-requirements,/students/career-education/career-education-volunteer-hours,301,alias changed
/information/about-us,/about-us,301,alias changed
/information/about-us/mission-statement,/about-us/mission-statement,301,alias changed
/information/our-staff,/about-us/our-staff,301,alias changed
/information/catchment,/about-us/catchment,301,alias changed
/information/contact-us,/contact-us,301,alias changed
/information/bell-schedule,/school-calendar/bell-schedule,301,alias changed
/information/personal-learning-time-plt,/school-calendar/personal-learning-time-plt,301,alias changed
/information/snow-and-extreme-weather-protocols,/school-calendar/snow-and-extreme-weather-protocols,301,alias changed
/information/donations,/parents/donations,301,alias changed
/information/district-concussion-protocol,/parents/district-concussion-protocol,301,alias changed
/students/updating-student-contact-information,/parents/updating-student-contact-information,301,alias changed
/parents/parent-advisory-committee-pac,/parents/pac,301,alias changed
/parents/parent-advisory-committee-pac/pac-meeting-agendas,/parents/pac/meeting-agendas,301,alias changed
/parents/parent-advisory-committee-pac/pac-meeting-minutes,/parents/pac/meeting-minutes,301,alias changed
/library/q,/library/q-and-a,301,alias changed
/our-school-story/news/2024/02/sel-survey-january-2024,/school-learning-story/news/2024/02/sel-survey-january-2024,301,alias changed
/our-school-story/news/2024/06/developing-community-through-awards,/school-learning-story/news/2024/06/developing-community-through-awards,301,alias changed
/our-school-story/news/2024/09/mcroberts-mural,/school-learning-story/news/2024/09/mcroberts-mural,301,alias changed
/our-school-story/news/2024/12/grade-8-student-mentor-connections,/school-learning-story/news/2024/12/grade-8-student-mentor-connections,301,alias changed
/our-school-story/news/2025/03/mcroberts-teacher-book-club,/school-learning-story/news/2025/03/mcroberts-teacher-book-club,301,alias changed
/information,/about-us,301,page retired
/information-0,/about-us,301,page retired
/library/research-inquiry,/library,301,page retired
/parents/parent-advisory-committee-pac/pac-constitution-and-bylaws,/parents/pac,301,page retired
/news/2026/08/back-school-schedules-and-calendars-0,/news/2026/08/back-school-schedules-and-calendars,301,page retired
